"Title","Artists","WorkbookType","Genre","Mood","Confidence","InferenceBasis","Source","ExistsInSystem","Reasons"
"The Life of a Showgirl","Taylor Swift","Single","Unknown / Needs Review","unknown / needs review","Low","No strong title match","album-names.txt","True","unknown_genre; unknown_mood; low_confidence"
"The Life of a Showgirl + Acoustic Collection","Taylor Swift","Single","Contemporary / Mixed","varied, release-dependent","Low","Fallback from version/feature keywords","album-names.txt","True","low_confidence"
"The Life of a Showgirl (Track by Track Version)","Taylor Swift","Single","Contemporary / Mixed","varied, release-dependent","Low","Fallback from version/feature keywords","album-names.txt","True","low_confidence"
"#NAME?","","Album","Pop / Singer-Songwriter","heartfelt, melodic, warm","High","Family mapping: ed","album-names.txt","False","missing_album_record"
"5","Ed Sheeran","Album","Unknown / Needs Review","unknown / needs review","Low","No strong title match","album-names.txt","True","unknown_genre; unknown_mood; low_confidence"
"Maya Ma (2018 Compilation)","Sushant KC","Album","Nepali Indie / Pop","emotional, romantic, introspective","Low","Heuristic: Nepali-title keywords","album-names.txt","True","low_confidence"
"Kasari","Yabesh Thapa","Single","Nepali Indie / Pop","emotional, romantic, introspective","Low","Heuristic: Nepali-title keywords","album-names.txt","True","low_confidence"
"Rangamanch Ko Rang","Sabin Rai","Single","Unknown / Needs Review","unknown / needs review","Low","No strong title match","album-names.txt","True","unknown_genre; unknown_mood; low_confidence"
"Ghar Gaun","AXIX","Single","Nepali Indie / Pop","emotional, romantic, introspective","Low","Heuristic: Nepali-title keywords","album-names.txt","True","low_confidence"
"Dientes","J Balvin, USHER, DJ Khaled","Single","Unknown / Needs Review","unknown / needs review","Low","No strong title match","album-names.txt","True","unknown_genre; unknown_mood; low_confidence"
"Sparsha Sangeet","Purna Rai","Single","Unknown / Needs Review","unknown / needs review","Low","No strong title match","album-names.txt","True","unknown_genre; unknown_mood; low_confidence"
"Roka Yo Samay","Tribal Rain","Single","Unknown / Needs Review","unknown / needs review","Low","No strong title match","album-names.txt","True","unknown_genre; unknown_mood; low_confidence"
"The Studio Album Collection 1991 - 2011","Red Hot Chili Peppers","Album","Unknown / Needs Review","unknown / needs review","Low","No strong title match","album-names.txt","True","unknown_genre; unknown_mood; low_confidence"
"Nothin'","Guns N' Roses","Single","Unknown / Needs Review","unknown / needs review","Low","No strong title match","album-names.txt","True","unknown_genre; unknown_mood; low_confidence"
"Phool Oonko Sweater","Sujan Chapagain, ArtMandu","Single","Unknown / Needs Review","unknown / needs review","Low","No strong title match","album-names.txt","True","unknown_genre; unknown_mood; low_confidence"
"Bhikhaari","Oasis Thapa","Single","Nepali Indie / Pop","emotional, romantic, introspective","Low","Heuristic: Nepali-title keywords","album-names.txt","True","low_confidence"
"Badal Sari","Swar, John Rai","Single","Unknown / Needs Review","unknown / needs review","Low","No strong title match","album-names.txt","True","unknown_genre; unknown_mood; low_confidence"
"Sarangi","Sushant KC","Single","Unknown / Needs Review","unknown / needs review","Low","No strong title match","album-names.txt","True","unknown_genre; unknown_mood; low_confidence"
"Jo Jas Sanga Sambandhit Chha","Albatross","Single","Unknown / Needs Review","unknown / needs review","Low","No strong title match","album-names.txt","True","unknown_genre; unknown_mood; low_confidence"
"Kalo/Seto","Purna Rai","Single","Unknown / Needs Review","unknown / needs review","Low","No strong title match","album-names.txt","True","unknown_genre; unknown_mood; low_confidence"
"Manaka kura","Samir Shrestha, bekcha","Single","Nepali Indie / Pop","emotional, romantic, introspective","Low","Heuristic: Nepali-title keywords","album-names.txt","True","low_confidence"
"We Global","DJ Khaled","Single","Unknown / Needs Review","unknown / needs review","Low","No strong title match","album-names.txt","True","unknown_genre; unknown_mood; low_confidence"
"Nihita","John Rai","Single","Unknown / Needs Review","unknown / needs review","Low","No strong title match","album-names.txt","True","unknown_genre; unknown_mood; low_confidence"
"Parkha Na","Sushant KC","Single","Nepali Indie / Pop","emotional, romantic, introspective","Low","Heuristic: Nepali-title keywords","album-names.txt","True","low_confidence"
"Vanana Matra","John Rai","Single","Unknown / Needs Review","unknown / needs review","Low","No strong title match","album-names.txt","True","unknown_genre; unknown_mood; low_confidence"
"Sadhana","John Rai","Single","Unknown / Needs Review","unknown / needs review","Low","No strong title match","album-names.txt","True","unknown_genre; unknown_mood; low_confidence"
"Black and White","AXIX","Single","Unknown / Needs Review","unknown / needs review","Low","No strong title match","album-names.txt","True","unknown_genre; unknown_mood; low_confidence"
"Chainejo Jindaganima","Sujan Chapagain, Salina Bk, ArtMandu","Single","Unknown / Needs Review","unknown / needs review","Low","No strong title match","album-names.txt","True","unknown_genre; unknown_mood; low_confidence"
"Loose Change","Ed Sheeran","Single","Unknown / Needs Review","unknown / needs review","Low","No strong title match","album-names.txt","True","unknown_genre; unknown_mood; low_confidence"
"K Garu","John Rai","Single","Unknown / Needs Review","unknown / needs review","Low","No strong title match","album-names.txt","True","unknown_genre; unknown_mood; low_confidence"
"Laakhau Hajarau","Yabesh Thapa","Single","Nepali Indie / Pop","emotional, romantic, introspective","Low","Heuristic: Nepali-title keywords","album-names.txt","True","low_confidence"
"Borracho","Sech, DJ Khaled","Single","Unknown / Needs Review","unknown / needs review","Low","No strong title match","album-names.txt","True","unknown_genre; unknown_mood; low_confidence"
"Maya Garnu La (Composer Version)","John Rai","Single","Nepali Indie / Pop","emotional, romantic, introspective","Low","Heuristic: Nepali-title keywords","album-names.txt","True","low_confidence"
"Si Ma Na","Bartika Eam Rai","Single","Unknown / Needs Review","unknown / needs review","Low","No strong title match","album-names.txt","True","unknown_genre; unknown_mood; low_confidence"
"Ranga","Rockheads","Single","Unknown / Needs Review","unknown / needs review","Low","No strong title match","album-names.txt","True","unknown_genre; unknown_mood; low_confidence"
"F64","Ed Sheeran","Single","Unknown / Needs Review","unknown / needs review","Low","No strong title match","album-names.txt","True","unknown_genre; unknown_mood; low_confidence"
"Alapatra","Yabesh Thapa","Single","Unknown / Needs Review","unknown / needs review","Low","No strong title match","album-names.txt","True","unknown_genre; unknown_mood; low_confidence"
"Behuli","Sajjan Raj Vaidya","Single","Unknown / Needs Review","unknown / needs review","Low","No strong title match","album-names.txt","True","unknown_genre; unknown_mood; low_confidence"
"Atti Bhayo","Albatross","Single","Unknown / Needs Review","unknown / needs review","Low","No strong title match","album-names.txt","True","unknown_genre; unknown_mood; low_confidence"
"Jay Shamboo","Chirag Khadka","Single","Unknown / Needs Review","unknown / needs review","Low","No strong title match","album-names.txt","True","unknown_genre; unknown_mood; low_confidence"
"Gala Pukka","Sujan Chapagain","Single","Unknown / Needs Review","unknown / needs review","Low","No strong title match","album-names.txt","True","unknown_genre; unknown_mood; low_confidence"
"Mutu Dekhin (Raw)","John Rai","Single","Nepali Indie / Pop","emotional, romantic, introspective","Low","Heuristic: Nepali-title keywords","album-names.txt","True","low_confidence"
"Pahuna","Sushant KC","Single","Unknown / Needs Review","unknown / needs review","Low","No strong title match","album-names.txt","True","unknown_genre; unknown_mood; low_confidence"
"Yo Mutu Mero","Yabesh Thapa","Single","Nepali Indie / Pop","emotional, romantic, introspective","Low","Heuristic: Nepali-title keywords","album-names.txt","True","low_confidence"
"Raat Ko Rani","Albatross","Single","Unknown / Needs Review","unknown / needs review","Low","No strong title match","album-names.txt","True","unknown_genre; unknown_mood; low_confidence"
"Teenpatey","Sujan Chapagain, ArtMandu","Single","Unknown / Needs Review","unknown / needs review","Low","No strong title match","album-names.txt","True","unknown_genre; unknown_mood; low_confidence"
"9841","Sajjan Raj Vaidya","Single","Unknown / Needs Review","unknown / needs review","Low","No strong title match","album-names.txt","True","unknown_genre; unknown_mood; low_confidence"
"Hyatteri","Sajjan Raj Vaidya","Single","Unknown / Needs Review","unknown / needs review","Low","No strong title match","album-names.txt","True","unknown_genre; unknown_mood; low_confidence"
"Phutki Jaaney Jovan","Sajjan Raj Vaidya","Single","Unknown / Needs Review","unknown / needs review","Low","No strong title match","album-names.txt","True","unknown_genre; unknown_mood; low_confidence"
"Atlas","Guns N' Roses","Single","Unknown / Needs Review","unknown / needs review","Low","No strong title match","album-names.txt","True","unknown_genre; unknown_mood; low_confidence"
"Changa","Yabesh Thapa","Single","Unknown / Needs Review","unknown / needs review","Low","No strong title match","album-names.txt","True","unknown_genre; unknown_mood; low_confidence"
"Kamana","Yabesh Thapa","Single","Unknown / Needs Review","unknown / needs review","Low","No strong title match","album-names.txt","True","unknown_genre; unknown_mood; low_confidence"
"Gimme A Second 2","Rich The Kid, Kanye West","Single","Unknown / Needs Review","unknown / needs review","Low","No strong title match","album-names.txt","True","unknown_genre; unknown_mood; low_confidence"
"BIRAM","Purna Rai","Single","Unknown / Needs Review","unknown / needs review","Low","No strong title match","album-names.txt","True","unknown_genre; unknown_mood; low_confidence"
"We Set The Trends (Remix) [feat. ‎Migos & Juelz Santana]","Jim Jones, Lil Wayne, DJ Khaled","Single","Contemporary / Mixed","varied, release-dependent","Low","Fallback from version/feature keywords","album-names.txt","True","low_confidence"
"Speed","Chirag Khadka","Single","Unknown / Needs Review","unknown / needs review","Low","No strong title match","album-names.txt","True","unknown_genre; unknown_mood; low_confidence"
"Bujhideu","Samir Shrestha","Single","Unknown / Needs Review","unknown / needs review","Low","No strong title match","album-names.txt","True","unknown_genre; unknown_mood; low_confidence"
"You Remind Me","DJ Khaled, Vybz Kartel, Buju Banton, Mavado","Single","Unknown / Needs Review","unknown / needs review","Low","No strong title match","album-names.txt","True","unknown_genre; unknown_mood; low_confidence"
"Gantabya","The Edge Band","Single","Unknown / Needs Review","unknown / needs review","Low","No strong title match","album-names.txt","True","unknown_genre; unknown_mood; low_confidence"
"Dhun","Rockheads","Single","Unknown / Needs Review","unknown / needs review","Low","No strong title match","album-names.txt","True","unknown_genre; unknown_mood; low_confidence"
"Uff","Sushant KC","Single","Unknown / Needs Review","unknown / needs review","Low","No strong title match","album-names.txt","True","unknown_genre; unknown_mood; low_confidence"
"Plan B","Sushant KC, Yodda","Single","Unknown / Needs Review","unknown / needs review","Low","No strong title match","album-names.txt","True","unknown_genre; unknown_mood; low_confidence"
"Gulabi","Sushant KC","Single","Unknown / Needs Review","unknown / needs review","Low","No strong title match","album-names.txt","True","unknown_genre; unknown_mood; low_confidence"
"No Face","Ghostface Killah, Kanye West","Single","Unknown / Needs Review","unknown / needs review","Low","No strong title match","album-names.txt","True","unknown_genre; unknown_mood; low_confidence"
"Sparsha Sangeet (Raw)","Purna Rai","Single","Unknown / Needs Review","unknown / needs review","Low","No strong title match","album-names.txt","True","unknown_genre; unknown_mood; low_confidence"
"Vibes","The Edge Band","Single","Unknown / Needs Review","unknown / needs review","Low","No strong title match","album-names.txt","True","unknown_genre; unknown_mood; low_confidence"
"Prashna (Raw)","John Rai","Single","Unknown / Needs Review","unknown / needs review","Low","No strong title match","album-names.txt","True","unknown_genre; unknown_mood; low_confidence"
"K Garney","Bizen, Yabesh Thapa","Single","Unknown / Needs Review","unknown / needs review","Low","No strong title match","album-names.txt","True","unknown_genre; unknown_mood; low_confidence"
"Chaar Dewar","Samir Shrestha","Single","Unknown / Needs Review","unknown / needs review","Low","No strong title match","album-names.txt","True","unknown_genre; unknown_mood; low_confidence"
"Mann cha?","Purna Rai","Single","Unknown / Needs Review","unknown / needs review","Low","No strong title match","album-names.txt","True","unknown_genre; unknown_mood; low_confidence"
"SUPPOSED TO BE LOVED","DJ Khaled, Lil Baby, Future","Single","Unknown / Needs Review","unknown / needs review","Low","No strong title match","album-names.txt","True","unknown_genre; unknown_mood; low_confidence"
"K Garu","John Rai","Single","Unknown / Needs Review","unknown / needs review","Low","No strong title match","album-names.txt","True","unknown_genre; unknown_mood; low_confidence"
"Blue Figments","Sushant KC","Single","Unknown / Needs Review","unknown / needs review","Low","No strong title match","album-names.txt","True","unknown_genre; unknown_mood; low_confidence"
"Mari Jaulo","YABI The G.O.A.T","Single","Unknown / Needs Review","unknown / needs review","Low","No strong title match","album-names.txt","True","unknown_genre; unknown_mood; low_confidence"
"Vagwan","YABI The G.O.A.T","Single","Unknown / Needs Review","unknown / needs review","Low","No strong title match","album-names.txt","True","unknown_genre; unknown_mood; low_confidence"
"A love letter to Darjeeling","Purna Rai","Single","Unknown / Needs Review","unknown / needs review","Low","No strong title match","album-names.txt","True","unknown_genre; unknown_mood; low_confidence"
"udirahechan","Swar, Swapnil Sharma, Rohit Shakya","Single","Unknown / Needs Review","unknown / needs review","Low","No strong title match","album-names.txt","True","unknown_genre; unknown_mood; low_confidence"
"Pagal","Sushant KC","Single","Unknown / Needs Review","unknown / needs review","Low","No strong title match","album-names.txt","True","unknown_genre; unknown_mood; low_confidence"
"Oh Na Na (Nepali Version)","Karl Wine, Sushant KC, Yabesh Thapa","Single","Contemporary / Mixed","varied, release-dependent","Low","Fallback from version/feature keywords","album-names.txt","True","low_confidence"
"Timi Nabhai Nahuney (Raw Demo)","Samir Shrestha","Single","Nepali Indie / Pop","emotional, romantic, introspective","Low","Heuristic: Nepali-title keywords","album-names.txt","True","low_confidence"
"Ekadeshma","Sajjan Raj Vaidya","Single","Unknown / Needs Review","unknown / needs review","Low","No strong title match","album-names.txt","True","unknown_genre; unknown_mood; low_confidence"
"Laal Gaadi","YABI The G.O.A.T","Single","Unknown / Needs Review","unknown / needs review","Low","No strong title match","album-names.txt","True","unknown_genre; unknown_mood; low_confidence"
"Enlightenment","Chirag Khadka","Single","Unknown / Needs Review","unknown / needs review","Low","No strong title match","album-names.txt","True","unknown_genre; unknown_mood; low_confidence"
"Sansaar","Swar, Swapnil Sharma, Rohit Shakya","Single","Unknown / Needs Review","unknown / needs review","Low","No strong title match","album-names.txt","True","unknown_genre; unknown_mood; low_confidence"
"Pink as Floyd / Your Eyes Girl","Red Hot Chili Peppers","Single","Unknown / Needs Review","unknown / needs review","Low","No strong title match","album-names.txt","True","unknown_genre; unknown_mood; low_confidence"
"Pahaar","Sajjan Raj Vaidya","Single","Nepali Indie / Pop","emotional, romantic, introspective","Low","Heuristic: Nepali-title keywords","album-names.txt","True","low_confidence"
"Mellow","Rohit Shakya, Sajjan Raj Vaidya","Single","Unknown / Needs Review","unknown / needs review","Low","No strong title match","album-names.txt","True","unknown_genre; unknown_mood; low_confidence"
"Cosmic Soul","Chirag Khadka","Single","Unknown / Needs Review","unknown / needs review","Low","No strong title match","album-names.txt","True","unknown_genre; unknown_mood; low_confidence"
"Khatra Barz","YABI The G.O.A.T, Khatra Lifestyle","Single","Unknown / Needs Review","unknown / needs review","Low","No strong title match","album-names.txt","True","unknown_genre; unknown_mood; low_confidence"
"Bahana","Yabesh Thapa, Arbitrary Records","Single","Unknown / Needs Review","unknown / needs review","Low","No strong title match","album-names.txt","True","unknown_genre; unknown_mood; low_confidence"
"Saacho Kura","Yabesh Thapa","Single","Nepali Indie / Pop","emotional, romantic, introspective","Low","Heuristic: Nepali-title keywords","album-names.txt","True","low_confidence"
"Andhakar Ko Ujyalo","Samir Shrestha","Single","Unknown / Needs Review","unknown / needs review","Low","No strong title match","album-names.txt","True","unknown_genre; unknown_mood; low_confidence"
"Lukaamaari","Sajjan Raj Vaidya","Single","Unknown / Needs Review","unknown / needs review","Low","No strong title match","album-names.txt","True","unknown_genre; unknown_mood; low_confidence"
"Parani","YABI The G.O.A.T","Single","Unknown / Needs Review","unknown / needs review","Low","No strong title match","album-names.txt","True","unknown_genre; unknown_mood; low_confidence"
"Kaha Chau","YABI The G.O.A.T","Single","Unknown / Needs Review","unknown / needs review","Low","No strong title match","album-names.txt","True","unknown_genre; unknown_mood; low_confidence"
"CHAAK","Purna Rai","Single","Unknown / Needs Review","unknown / needs review","Low","No strong title match","album-names.txt","True","unknown_genre; unknown_mood; low_confidence"
"Yo Geet Timilai","DJ Bishow","Single","Nepali Indie / Pop","emotional, romantic, introspective","Low","Heuristic: Nepali-title keywords","album-names.txt","True","low_confidence"
"AJAVOLI","YABI The G.O.A.T","Single","Unknown / Needs Review","unknown / needs review","Low","No strong title match","album-names.txt","True","unknown_genre; unknown_mood; low_confidence"
"Never Is a Long Time / Love of Your Life","Red Hot Chili Peppers","Single","Unknown / Needs Review","unknown / needs review","Low","No strong title match","album-names.txt","True","unknown_genre; unknown_mood; low_confidence"
"Baazigar","YABI The G.O.A.T","Single","Unknown / Needs Review","unknown / needs review","Low","No strong title match","album-names.txt","True","unknown_genre; unknown_mood; low_confidence"
"Brother","DJ Khaled, Post Malone","Single","Unknown / Needs Review","unknown / needs review","Low","No strong title match","album-names.txt","True","unknown_genre; unknown_mood; low_confidence"
"Aattinchey","DJ Bishow","Single","Unknown / Needs Review","unknown / needs review","Low","No strong title match","album-names.txt","True","unknown_genre; unknown_mood; low_confidence"
"Devi Deuta","Tribal Rain","Single","Unknown / Needs Review","unknown / needs review","Low","No strong title match","album-names.txt","True","unknown_genre; unknown_mood; low_confidence"
"Alag","The Edge Band","Single","Unknown / Needs Review","unknown / needs review","Low","No strong title match","album-names.txt","True","unknown_genre; unknown_mood; low_confidence"
"kiss me under the light of a thousand stars","Ed Sheeran","Single","Unknown / Needs Review","unknown / needs review","Low","No strong title match","album-names.txt","True","unknown_genre; unknown_mood; low_confidence"
"Khatra Barz","YABI The G.O.A.T, Khatra Lifestyle","Single","Unknown / Needs Review","unknown / needs review","Low","No strong title match","album-names.txt","True","unknown_genre; unknown_mood; low_confidence"
"3AM","YABI The G.O.A.T","Single","Unknown / Needs Review","unknown / needs review","Low","No strong title match","album-names.txt","True","unknown_genre; unknown_mood; low_confidence"
"Swarga","Tribal Rain","Single","Unknown / Needs Review","unknown / needs review","Low","No strong title match","album-names.txt","True","unknown_genre; unknown_mood; low_confidence"
"Sakaratmakta","Chirag Khadka","Single","Unknown / Needs Review","unknown / needs review","Low","No strong title match","album-names.txt","True","unknown_genre; unknown_mood; low_confidence"
"Halkhabar","Yabesh Thapa","Single","Unknown / Needs Review","unknown / needs review","Low","No strong title match","album-names.txt","True","unknown_genre; unknown_mood; low_confidence"
"Atteri","Sushant KC","Single","Unknown / Needs Review","unknown / needs review","Low","No strong title match","album-names.txt","True","unknown_genre; unknown_mood; low_confidence"
"Timro Maya","Sushant KC","Single","Nepali Indie / Pop","emotional, romantic, introspective","Low","Heuristic: Nepali-title keywords","album-names.txt","True","low_confidence"
"Dui Diney Jindagi","Yabesh Thapa","Single","Nepali Indie / Pop","emotional, romantic, introspective","Low","Heuristic: Nepali-title keywords","album-names.txt","True","low_confidence"
"Malai Rakha Na (Acoustic)","Sajjan Raj Vaidya","Single","Contemporary / Mixed","varied, release-dependent","Low","Fallback from version/feature keywords","album-names.txt","True","low_confidence"
"Basanta","Sajjan Raj Vaidya","Single","Unknown / Needs Review","unknown / needs review","Low","No strong title match","album-names.txt","True","unknown_genre; unknown_mood; low_confidence"
"GVNMAN","Jamesy","Single","Unknown / Needs Review","unknown / needs review","Low","No strong title match","album-names.txt","True","unknown_genre; unknown_mood; low_confidence"
"Byarthai (demo)","Purna Rai","Single","Unknown / Needs Review","unknown / needs review","Low","No strong title match","album-names.txt","True","unknown_genre; unknown_mood; low_confidence"
"BEAUTIFUL (feat. Future & SZA)","DJ Khaled, Future, SZA","Single","Contemporary / Mixed","varied, release-dependent","Low","Fallback from version/feature keywords","album-names.txt","True","low_confidence"
"Samjhirakhnu","Chirag Khadka","Single","Unknown / Needs Review","unknown / needs review","Low","No strong title match","album-names.txt","True","unknown_genre; unknown_mood; low_confidence"
"Nerve Flip","Red Hot Chili Peppers","Single","Unknown / Needs Review","unknown / needs review","Low","No strong title match","album-names.txt","True","unknown_genre; unknown_mood; low_confidence"
"Catch My Death / How It Ends","Red Hot Chili Peppers","Single","Unknown / Needs Review","unknown / needs review","Low","No strong title match","album-names.txt","True","unknown_genre; unknown_mood; low_confidence"
"Suseli Gagan","Oasis Thapa","Single","Unknown / Needs Review","unknown / needs review","Low","No strong title match","album-names.txt","True","unknown_genre; unknown_mood; low_confidence"
"Fakauna Ma","Sushant KC, LIL Rock Look, Sheeesh Hardik","Single","Unknown / Needs Review","unknown / needs review","Low","No strong title match","album-names.txt","True","unknown_genre; unknown_mood; low_confidence"
"Kina Pawtauchau?","Rigden Nadik, Yabesh Thapa","Single","Unknown / Needs Review","unknown / needs review","Low","No strong title match","album-names.txt","True","unknown_genre; unknown_mood; low_confidence"
"KANCHI","YABI The G.O.A.T","Single","Unknown / Needs Review","unknown / needs review","Low","No strong title match","album-names.txt","True","unknown_genre; unknown_mood; low_confidence"
"Level","YABI The G.O.A.T","Single","Unknown / Needs Review","unknown / needs review","Low","No strong title match","album-names.txt","True","unknown_genre; unknown_mood; low_confidence"
"Baadal","Purna Rai","Single","Unknown / Needs Review","unknown / needs review","Low","No strong title match","album-names.txt","True","unknown_genre; unknown_mood; low_confidence"
"Stoner Life","Chirag Khadka","Single","Unknown / Needs Review","unknown / needs review","Low","No strong title match","album-names.txt","True","unknown_genre; unknown_mood; low_confidence"
"Aago Ko Jhilko","Chirag Khadka","Single","Unknown / Needs Review","unknown / needs review","Low","No strong title match","album-names.txt","True","unknown_genre; unknown_mood; low_confidence"
"A Revolta do Jql","Dj Thales Jql","Single","Unknown / Needs Review","unknown / needs review","Low","No strong title match","album-names.txt","True","unknown_genre; unknown_mood; low_confidence"
"Bhool","Swar, Swapnil Sharma, Rohit Shakya","Single","Nepali Indie / Pop","emotional, romantic, introspective","Low","Heuristic: Nepali-title keywords","album-names.txt","True","low_confidence"
"Tabahi","Sushant KC, Yashaswi Khadka, Asmick Khawash","Single","Unknown / Needs Review","unknown / needs review","Low","No strong title match","album-names.txt","True","unknown_genre; unknown_mood; low_confidence"
"Hamro Maya","The Edge Band","Single","Nepali Indie / Pop","emotional, romantic, introspective","Low","Heuristic: Nepali-title keywords","album-names.txt","True","low_confidence"
"Gunaaso","Oasis Thapa","Single","Unknown / Needs Review","unknown / needs review","Low","No strong title match","album-names.txt","True","unknown_genre; unknown_mood; low_confidence"
"Baimani","Sushant KC","Single","Unknown / Needs Review","unknown / needs review","Low","No strong title match","album-names.txt","True","unknown_genre; unknown_mood; low_confidence"
"PAAILA","AXIX","Single","Nepali Indie / Pop","emotional, romantic, introspective","Low","Heuristic: Nepali-title keywords","album-names.txt","True","low_confidence"
"Rondo","Jamesy","Single","Unknown / Needs Review","unknown / needs review","Low","No strong title match","album-names.txt","True","unknown_genre; unknown_mood; low_confidence"
"How long we can wait","Tribal Rain","Single","Unknown / Needs Review","unknown / needs review","Low","No strong title match","album-names.txt","True","unknown_genre; unknown_mood; low_confidence"
"Estai Raicha","Sushant KC","Single","Unknown / Needs Review","unknown / needs review","Low","No strong title match","album-names.txt","True","unknown_genre; unknown_mood; low_confidence"
"This Is the Kitt / Brave from Afar","Red Hot Chili Peppers","Single","Unknown / Needs Review","unknown / needs review","Low","No strong title match","album-names.txt","True","unknown_genre; unknown_mood; low_confidence"
"Magpies on Fire / Victorian Machinery","Red Hot Chili Peppers","Single","Unknown / Needs Review","unknown / needs review","Low","No strong title match","album-names.txt","True","unknown_genre; unknown_mood; low_confidence"
"Teenpatey","Sujan Chapagain, ArtMandu","Single","Unknown / Needs Review","unknown / needs review","Low","No strong title match","album-names.txt","True","unknown_genre; unknown_mood; low_confidence"
"For My Love","Rockheads","Single","Unknown / Needs Review","unknown / needs review","Low","No strong title match","album-names.txt","True","unknown_genre; unknown_mood; low_confidence"
"names in lights at stadium heights","Ed Sheeran","Single","Unknown / Needs Review","unknown / needs review","Low","No strong title match","album-names.txt","True","unknown_genre; unknown_mood; low_confidence"
"songs I wrote that almost didn't make it","Ed Sheeran","Single","Unknown / Needs Review","unknown / needs review","Low","No strong title match","album-names.txt","True","unknown_genre; unknown_mood; low_confidence"
"Aayen Ma","Sajjan Raj Vaidya","Single","Unknown / Needs Review","unknown / needs review","Low","No strong title match","album-names.txt","True","unknown_genre; unknown_mood; low_confidence"
"THIRD WORLD","Jamesy","Single","Unknown / Needs Review","unknown / needs review","Low","No strong title match","album-names.txt","True","unknown_genre; unknown_mood; low_confidence"
"Devi Devta","Tribal Rain","Single","Unknown / Needs Review","unknown / needs review","Low","No strong title match","album-names.txt","True","unknown_genre; unknown_mood; low_confidence"
"Not the One","Red Hot Chili Peppers","Single","Unknown / Needs Review","unknown / needs review","Low","No strong title match","album-names.txt","True","unknown_genre; unknown_mood; low_confidence"
"The Sunset Sleeps / Hometown Gypsy","Red Hot Chili Peppers","Single","Unknown / Needs Review","unknown / needs review","Low","No strong title match","album-names.txt","True","unknown_genre; unknown_mood; low_confidence"
"BALLIN","Jamesy","Single","Unknown / Needs Review","unknown / needs review","Low","No strong title match","album-names.txt","True","unknown_genre; unknown_mood; low_confidence"
"Maya Ko Katha","Yabesh Thapa, Arbitrary Records","Single","Nepali Indie / Pop","emotional, romantic, introspective","Low","Heuristic: Nepali-title keywords","album-names.txt","True","low_confidence"
"Manaka Kura","Samir Shrestha, bekcha","Single","Nepali Indie / Pop","emotional, romantic, introspective","Low","Heuristic: Nepali-title keywords","album-names.txt","True","low_confidence"
"DAAMI","YABI The G.O.A.T","Single","Unknown / Needs Review","unknown / needs review","Low","No strong title match","album-names.txt","True","unknown_genre; unknown_mood; low_confidence"
"SORRY NOT SORRY (feat. Nas, JAY-Z & James Fauntleroy) [Harmonies by The Hive]","DJ Khaled, Nas, JAŸ-Z","Single","Contemporary / Mixed","varied, release-dependent","Low","Fallback from version/feature keywords","album-names.txt","True","low_confidence"
"Amigo","Were, Dj Khala","Single","Unknown / Needs Review","unknown / needs review","Low","No strong title match","album-names.txt","True","unknown_genre; unknown_mood; low_confidence"
"Chinta First Version","Tribal Rain","Single","Contemporary / Mixed","varied, release-dependent","Low","Fallback from version/feature keywords","album-names.txt","True","low_confidence"
"Swarga","Tribal Rain","Single","Unknown / Needs Review","unknown / needs review","Low","No strong title match","album-names.txt","True","unknown_genre; unknown_mood; low_confidence"
"Hanalei / Open/Close","Red Hot Chili Peppers","Single","Unknown / Needs Review","unknown / needs review","Low","No strong title match","album-names.txt","True","unknown_genre; unknown_mood; low_confidence"
"Kunai Din Khusukka","Oasis Thapa, Kelsang Shrestha, Saswot Shrestha, Garage Music","Single","Unknown / Needs Review","unknown / needs review","Low","No strong title match","album-names.txt","True","unknown_genre; unknown_mood; low_confidence"
"I Like You (Anischaya)","Sushant KC","Single","Unknown / Needs Review","unknown / needs review","Low","No strong title match","album-names.txt","True","unknown_genre; unknown_mood; low_confidence"
"Sukumbaasi","Sajjan Raj Vaidya","Single","Unknown / Needs Review","unknown / needs review","Low","No strong title match","album-names.txt","True","unknown_genre; unknown_mood; low_confidence"
"Somebody Else","Sajjan Raj Vaidya","Single","Unknown / Needs Review","unknown / needs review","Low","No strong title match","album-names.txt","True","unknown_genre; unknown_mood; low_confidence"
"Halka Halka","DJ Bishow","Single","Unknown / Needs Review","unknown / needs review","Low","No strong title match","album-names.txt","True","unknown_genre; unknown_mood; low_confidence"
"Psychedelic Rap","Chirag Khadka","Single","Unknown / Needs Review","unknown / needs review","Low","No strong title match","album-names.txt","True","unknown_genre; unknown_mood; low_confidence"
"Hassa","Chirag Khadka","Single","Unknown / Needs Review","unknown / needs review","Low","No strong title match","album-names.txt","True","unknown_genre; unknown_mood; low_confidence"
"Bharma","Tribal Rain","Single","Unknown / Needs Review","unknown / needs review","Low","No strong title match","album-names.txt","True","unknown_genre; unknown_mood; low_confidence"
"Bhayena","Sushant KC","Single","Unknown / Needs Review","unknown / needs review","Low","No strong title match","album-names.txt","True","unknown_genre; unknown_mood; low_confidence"
"Sidha Kura","Rockheads","Single","Nepali Indie / Pop","emotional, romantic, introspective","Low","Heuristic: Nepali-title keywords","album-names.txt","True","low_confidence"
"Aafnai Baato","Purna Rai","Single","Unknown / Needs Review","unknown / needs review","Low","No strong title match","album-names.txt","True","unknown_genre; unknown_mood; low_confidence"
"Groundwork","Big Narstie, Ed Sheeran, Papoose","Single","Unknown / Needs Review","unknown / needs review","Low","No strong title match","album-names.txt","True","unknown_genre; unknown_mood; low_confidence"
"Rangin","Sushant KC","Single","Unknown / Needs Review","unknown / needs review","Low","No strong title match","album-names.txt","True","unknown_genre; unknown_mood; low_confidence"
"Anaavashyak","Samir Shrestha, Beyond the Clouds","Single","Unknown / Needs Review","unknown / needs review","Low","No strong title match","album-names.txt","True","unknown_genre; unknown_mood; low_confidence"
"Nepali Angreji","Sajjan Raj Vaidya","Single","Unknown / Needs Review","unknown / needs review","Low","No strong title match","album-names.txt","True","unknown_genre; unknown_mood; low_confidence"
"All Eyes On Me","YABI The G.O.A.T","Single","Unknown / Needs Review","unknown / needs review","Low","No strong title match","album-names.txt","True","unknown_genre; unknown_mood; low_confidence"
"Umer 18/19","YABI The G.O.A.T","Single","Unknown / Needs Review","unknown / needs review","Low","No strong title match","album-names.txt","True","unknown_genre; unknown_mood; low_confidence"
"Bhumari","Chirag Khadka","Single","Unknown / Needs Review","unknown / needs review","Low","No strong title match","album-names.txt","True","unknown_genre; unknown_mood; low_confidence"
"Simples das Antigas","Dj Thales Jql","Single","Unknown / Needs Review","unknown / needs review","Low","No strong title match","album-names.txt","True","unknown_genre; unknown_mood; low_confidence"
"Jaba Timi Sanga","The Edge Band","Single","Nepali Indie / Pop","emotional, romantic, introspective","Low","Heuristic: Nepali-title keywords","album-names.txt","True","low_confidence"
"Jaandai Chu Taadha","The Edge Band","Single","Unknown / Needs Review","unknown / needs review","Low","No strong title match","album-names.txt","True","unknown_genre; unknown_mood; low_confidence"
"Sabailai","Purna Rai","Single","Unknown / Needs Review","unknown / needs review","Low","No strong title match","album-names.txt","True","unknown_genre; unknown_mood; low_confidence"
"Lonely Lovers","D-Block Europe, Ed Sheeran","Single","Unknown / Needs Review","unknown / needs review","Low","No strong title match","album-names.txt","True","unknown_genre; unknown_mood; low_confidence"
"Malai Jitnu Xa (PUBG MOBILE Nepal)","John Rai","Single","Unknown / Needs Review","unknown / needs review","Low","No strong title match","album-names.txt","True","unknown_genre; unknown_mood; low_confidence"
"Hidchhu","Ciney Gurung, Sabin Rai","Single","Unknown / Needs Review","unknown / needs review","Low","No strong title match","album-names.txt","True","unknown_genre; unknown_mood; low_confidence"
"Harauna Deu","Swoopna Suman, Sushant KC, Foeseal","Single","Unknown / Needs Review","unknown / needs review","Low","No strong title match","album-names.txt","True","unknown_genre; unknown_mood; low_confidence"
"Bhaagera","Sushant KC, LIL Rock Look","Single","Unknown / Needs Review","unknown / needs review","Low","No strong title match","album-names.txt","True","unknown_genre; unknown_mood; low_confidence"
"Gharako Kancho Choro","Samir Shrestha","Single","Nepali Indie / Pop","emotional, romantic, introspective","Low","Heuristic: Nepali-title keywords","album-names.txt","True","low_confidence"
"B.L.Y.H.L","Sajjan Raj Vaidya","Single","Unknown / Needs Review","unknown / needs review","Low","No strong title match","album-names.txt","True","unknown_genre; unknown_mood; low_confidence"
"Favela Baby","Jamesy","Single","Unknown / Needs Review","unknown / needs review","Low","No strong title match","album-names.txt","True","unknown_genre; unknown_mood; low_confidence"
"Bhana","YABI The G.O.A.T","Single","Unknown / Needs Review","unknown / needs review","Low","No strong title match","album-names.txt","True","unknown_genre; unknown_mood; low_confidence"
"You Remind Me / Hot Shot","DJ Khaled, Vybz Kartel, Buju Banton, Mavado","Single","Unknown / Needs Review","unknown / needs review","Low","No strong title match","album-names.txt","True","unknown_genre; unknown_mood; low_confidence"
"IT AIN'T SAFE (feat. Nardo Wick & Kodak Black)","DJ Khaled, Nardo Wick, Kodak Black","Single","Contemporary / Mixed","varied, release-dependent","Low","Fallback from version/feature keywords","album-names.txt","True","low_confidence"
"Arthahin Duniya","Chirag Khadka","Single","Unknown / Needs Review","unknown / needs review","Low","No strong title match","album-names.txt","True","unknown_genre; unknown_mood; low_confidence"
"Ekkasi","Yabesh Thapa","Single","Unknown / Needs Review","unknown / needs review","Low","No strong title match","album-names.txt","True","unknown_genre; unknown_mood; low_confidence"
"Bakwas","Jamesy","Single","Unknown / Needs Review","unknown / needs review","Low","No strong title match","album-names.txt","True","unknown_genre; unknown_mood; low_confidence"
"OUTSIDE","Jamesy","Single","Unknown / Needs Review","unknown / needs review","Low","No strong title match","album-names.txt","True","unknown_genre; unknown_mood; low_confidence"
"RX 100","YABI The G.O.A.T","Single","Unknown / Needs Review","unknown / needs review","Low","No strong title match","album-names.txt","True","unknown_genre; unknown_mood; low_confidence"
"Helpless","YABI The G.O.A.T","Single","Unknown / Needs Review","unknown / needs review","Low","No strong title match","album-names.txt","True","unknown_genre; unknown_mood; low_confidence"
"WEEEEEE","YABI The G.O.A.T","Single","Unknown / Needs Review","unknown / needs review","Low","No strong title match","album-names.txt","True","unknown_genre; unknown_mood; low_confidence"
"Abhiman (Lockdown)","Albatross","Single","Unknown / Needs Review","unknown / needs review","Low","No strong title match","album-names.txt","True","unknown_genre; unknown_mood; low_confidence"
"Banduk","Chirag Khadka","Single","Unknown / Needs Review","unknown / needs review","Low","No strong title match","album-names.txt","True","unknown_genre; unknown_mood; low_confidence"
"Anaadi","Oasis Thapa","Single","Unknown / Needs Review","unknown / needs review","Low","No strong title match","album-names.txt","True","unknown_genre; unknown_mood; low_confidence"
"Kheladi","Sushant KC, Utsav","Single","Unknown / Needs Review","unknown / needs review","Low","No strong title match","album-names.txt","True","unknown_genre; unknown_mood; low_confidence"
"Pahaar (Live Version)","Sajjan Raj Vaidya","Single","Nepali Indie / Pop","emotional, romantic, introspective","Low","Heuristic: Nepali-title keywords","album-names.txt","True","low_confidence"
"Stand United","French Montana, Kanye West, SAINt JHN","Single","Unknown / Needs Review","unknown / needs review","Low","No strong title match","album-names.txt","True","unknown_genre; unknown_mood; low_confidence"
"Mi Victoria","Were, Dj Khala","Single","Unknown / Needs Review","unknown / needs review","Low","No strong title match","album-names.txt","True","unknown_genre; unknown_mood; low_confidence"
"Rollie","Chirag Khadka","Single","Unknown / Needs Review","unknown / needs review","Low","No strong title match","album-names.txt","True","unknown_genre; unknown_mood; low_confidence"
"Passinho de BH","Dj Thales Jql","Single","Unknown / Needs Review","unknown / needs review","Low","No strong title match","album-names.txt","True","unknown_genre; unknown_mood; low_confidence"
"In Love Dying","Red Hot Chili Peppers","Single","Unknown / Needs Review","unknown / needs review","Low","No strong title match","album-names.txt","True","unknown_genre; unknown_mood; low_confidence"
"God Is Love","","Single","Hip-Hop / Rap","bold, intense, introspective","High","Family mapping: kanye","album-names.txt","False","missing_album_record"
"Ek Dui Teen","Oasis Thapa","Single","Unknown / Needs Review","unknown / needs review","Low","No strong title match","album-names.txt","True","unknown_genre; unknown_mood; low_confidence"
"Chautari","Sajjan Raj Vaidya","Single","Nepali Indie / Pop","emotional, romantic, introspective","Low","Heuristic: Nepali-title keywords","album-names.txt","True","low_confidence"
"Ka Kha Ga","Sajjan Raj Vaidya","Single","Unknown / Needs Review","unknown / needs review","Low","No strong title match","album-names.txt","True","unknown_genre; unknown_mood; low_confidence"
"Dmt","Chirag Khadka","Single","Unknown / Needs Review","unknown / needs review","Low","No strong title match","album-names.txt","True","unknown_genre; unknown_mood; low_confidence"
"Kasari Furkaaune","Oasis Thapa","Single","Nepali Indie / Pop","emotional, romantic, introspective","Low","Heuristic: Nepali-title keywords","album-names.txt","True","low_confidence"
"Behos","Sushant KC","Single","Unknown / Needs Review","unknown / needs review","Low","No strong title match","album-names.txt","True","unknown_genre; unknown_mood; low_confidence"
"Aasha","Sushant KC","Single","Unknown / Needs Review","unknown / needs review","Low","No strong title match","album-names.txt","True","unknown_genre; unknown_mood; low_confidence"
"THULDAI","Jamesy","Single","Unknown / Needs Review","unknown / needs review","Low","No strong title match","album-names.txt","True","unknown_genre; unknown_mood; low_confidence"
"Pa' Mi Mamá","Were, Dj Khala","Single","Unknown / Needs Review","unknown / needs review","Low","No strong title match","album-names.txt","True","unknown_genre; unknown_mood; low_confidence"
"Kwap","Chirag Khadka","Single","Unknown / Needs Review","unknown / needs review","Low","No strong title match","album-names.txt","True","unknown_genre; unknown_mood; low_confidence"
"Pagal Nabhana Malai","The Edge Band","Single","Unknown / Needs Review","unknown / needs review","Low","No strong title match","album-names.txt","True","unknown_genre; unknown_mood; low_confidence"
"Khushi","Oasis Thapa","Single","Unknown / Needs Review","unknown / needs review","Low","No strong title match","album-names.txt","True","unknown_genre; unknown_mood; low_confidence"
"Budhasubba GoldCup","Rajesh Payal Rai, Sabin Rai, Shiva Lamichane Cwaz","Single","Unknown / Needs Review","unknown / needs review","Low","No strong title match","album-names.txt","True","unknown_genre; unknown_mood; low_confidence"
"Dhanyabad","Sushant KC, Foeseal","Single","Unknown / Needs Review","unknown / needs review","Low","No strong title match","album-names.txt","True","unknown_genre; unknown_mood; low_confidence"
"GP4","Jamesy","Single","Unknown / Needs Review","unknown / needs review","Low","No strong title match","album-names.txt","True","unknown_genre; unknown_mood; low_confidence"
"Nachaheko Hoina Old","The Edge Band","Single","Unknown / Needs Review","unknown / needs review","Low","No strong title match","album-names.txt","True","unknown_genre; unknown_mood; low_confidence"
"Mero Ansu","The Edge Band","Single","Nepali Indie / Pop","emotional, romantic, introspective","Low","Heuristic: Nepali-title keywords","album-names.txt","True","low_confidence"
"Yo Saath","The Edge Band","Single","Unknown / Needs Review","unknown / needs review","Low","No strong title match","album-names.txt","True","unknown_genre; unknown_mood; low_confidence"
"Eklai Bhayeni (Mero Adhuro Prem)","Sujan Chapagain, ArtMandu","Single","Nepali Indie / Pop","emotional, romantic, introspective","Low","Heuristic: Nepali-title keywords","album-names.txt","True","low_confidence"
"Sexy Geet","Jamesy","Single","Unknown / Needs Review","unknown / needs review","Low","No strong title match","album-names.txt","True","unknown_genre; unknown_mood; low_confidence"
"JUST BE (feat. Justin Timberlake)","DJ Khaled, Justin Timberlake","Single","Contemporary / Mixed","varied, release-dependent","Low","Fallback from version/feature keywords","album-names.txt","True","low_confidence"
"Eu Vou de Bixo","Dj Thales Jql","Single","Unknown / Needs Review","unknown / needs review","Low","No strong title match","album-names.txt","True","unknown_genre; unknown_mood; low_confidence"
"Carnaval ta Chegando","Dj Thales Jql","Single","Unknown / Needs Review","unknown / needs review","Low","No strong title match","album-names.txt","True","unknown_genre; unknown_mood; low_confidence"
"Laijaw Malai (Unmastered)","Tribal Rain","Single","Unknown / Needs Review","unknown / needs review","Low","No strong title match","album-names.txt","True","unknown_genre; unknown_mood; low_confidence"
"Kalpana","Oasis Thapa","Single","Unknown / Needs Review","unknown / needs review","Low","No strong title match","album-names.txt","True","unknown_genre; unknown_mood; low_confidence"
"Timi Bhayera","Akash Khadka, Samir Shrestha","Single","Nepali Indie / Pop","emotional, romantic, introspective","Low","Heuristic: Nepali-title keywords","album-names.txt","True","low_confidence"
"No Apologies","Consequence, Kanye West","Single","Unknown / Needs Review","unknown / needs review","Low","No strong title match","album-names.txt","True","unknown_genre; unknown_mood; low_confidence"
"DIOR","Jamesy","Single","Unknown / Needs Review","unknown / needs review","Low","No strong title match","album-names.txt","True","unknown_genre; unknown_mood; low_confidence"
"De Donde Pinga","Were, Chocolate Mc, Dj Khala","Single","Unknown / Needs Review","unknown / needs review","Low","No strong title match","album-names.txt","True","unknown_genre; unknown_mood; low_confidence"
"Right On Left","DJ Bishow","Single","Unknown / Needs Review","unknown / needs review","Low","No strong title match","album-names.txt","True","unknown_genre; unknown_mood; low_confidence"
"Raat Cha Lamo","DJ Bishow","Single","Unknown / Needs Review","unknown / needs review","Low","No strong title match","album-names.txt","True","unknown_genre; unknown_mood; low_confidence"
"Dhokha","The Edge Band","Single","Unknown / Needs Review","unknown / needs review","Low","No strong title match","album-names.txt","True","unknown_genre; unknown_mood; low_confidence"
"I Won't Let You Go","YUNG TAMU, Milano, Jamesy","Single","Unknown / Needs Review","unknown / needs review","Low","No strong title match","album-names.txt","True","unknown_genre; unknown_mood; low_confidence"
"VIBE","Jamesy","Single","Unknown / Needs Review","unknown / needs review","Low","No strong title match","album-names.txt","True","unknown_genre; unknown_mood; low_confidence"
"READY","Jamesy","Single","Unknown / Needs Review","unknown / needs review","Low","No strong title match","album-names.txt","True","unknown_genre; unknown_mood; low_confidence"
"BISTARI","Jamesy","Single","Unknown / Needs Review","unknown / needs review","Low","No strong title match","album-names.txt","True","unknown_genre; unknown_mood; low_confidence"
"Asha Nirasha (Original)","Albatross","Single","Unknown / Needs Review","unknown / needs review","Low","No strong title match","album-names.txt","True","unknown_genre; unknown_mood; low_confidence"
"Dukha Diyerata Sabai","The Edge Band","Single","Unknown / Needs Review","unknown / needs review","Low","No strong title match","album-names.txt","True","unknown_genre; unknown_mood; low_confidence"
"Rup Kathaa","Oasis Thapa","Single","Unknown / Needs Review","unknown / needs review","Low","No strong title match","album-names.txt","True","unknown_genre; unknown_mood; low_confidence"
"Maja Ko Vul","Oasis Thapa","Single","Unknown / Needs Review","unknown / needs review","Low","No strong title match","album-names.txt","True","unknown_genre; unknown_mood; low_confidence"
"Attibidi","Jamesy","Single","Unknown / Needs Review","unknown / needs review","Low","No strong title match","album-names.txt","True","unknown_genre; unknown_mood; low_confidence"
"To The Top","YUNG TAMU, Jamesy, HotFix","Single","Unknown / Needs Review","unknown / needs review","Low","No strong title match","album-names.txt","True","unknown_genre; unknown_mood; low_confidence"
"ZALI ZAMANA","Jamesy","Single","Unknown / Needs Review","unknown / needs review","Low","No strong title match","album-names.txt","True","unknown_genre; unknown_mood; low_confidence"
"TOP SHOTTA","Jamesy","Single","Unknown / Needs Review","unknown / needs review","Low","No strong title match","album-names.txt","True","unknown_genre; unknown_mood; low_confidence"
"Simples das Antiga 2","Dj Thales Jql","Single","Unknown / Needs Review","unknown / needs review","Low","No strong title match","album-names.txt","True","unknown_genre; unknown_mood; low_confidence"
"Kosish","The Edge Band","Single","Unknown / Needs Review","unknown / needs review","Low","No strong title match","album-names.txt","True","unknown_genre; unknown_mood; low_confidence"
"Sahid","Purna Rai","Single","Unknown / Needs Review","unknown / needs review","Low","No strong title match","album-names.txt","True","unknown_genre; unknown_mood; low_confidence"
"Akorinchhu","Sabin Rai","Single","Unknown / Needs Review","unknown / needs review","Low","No strong title match","album-names.txt","True","unknown_genre; unknown_mood; low_confidence"
"Risaune Bhaye","Sushant KC","Single","Unknown / Needs Review","unknown / needs review","Low","No strong title match","album-names.txt","True","unknown_genre; unknown_mood; low_confidence"
"Paaila (Remastered)","AXIX","Album","Nepali Indie / Pop","emotional, romantic, introspective","Low","Heuristic: Nepali-title keywords","album-names.txt","True","low_confidence"
"Ghumi Phiri: Prelude","Sajjan Raj Vaidya","Single","Nepali Indie / Pop","emotional, romantic, introspective","Low","Heuristic: Nepali-title keywords","album-names.txt","True","low_confidence"
"WHOLE LOTTA","Jamesy","Single","Unknown / Needs Review","unknown / needs review","Low","No strong title match","album-names.txt","True","unknown_genre; unknown_mood; low_confidence"
"Slowly","Jamesy","Single","Unknown / Needs Review","unknown / needs review","Low","No strong title match","album-names.txt","True","unknown_genre; unknown_mood; low_confidence"
"Khaseka Tara (Lockdown)","Albatross","Single","Unknown / Needs Review","unknown / needs review","Low","No strong title match","album-names.txt","True","unknown_genre; unknown_mood; low_confidence"
"THESE STREETS KNOW MY NAME (feat. Skillibeng, Buju Banton, Capleton, Bounty Killer & Sizzla)","DJ Khaled, Skillibeng, Buju Banton","Single","Contemporary / Mixed","varied, release-dependent","Low","Fallback from version/feature keywords","album-names.txt","True","low_confidence"
"The Woolen Sweater (Oon ko Sweater)","Sujan Chapagain, ArtMandu","Album","Unknown / Needs Review","unknown / needs review","Low","No strong title match","album-names.txt","True","unknown_genre; unknown_mood; low_confidence"
"Tibra Chahana","Oasis Thapa","Single","Unknown / Needs Review","unknown / needs review","Low","No strong title match","album-names.txt","True","unknown_genre; unknown_mood; low_confidence"
"Don't Worry(Remix)","Sushant KC, Utsav","Single","Contemporary / Mixed","varied, release-dependent","Low","Fallback from version/feature keywords","album-names.txt","True","low_confidence"
"Rausi layo","Jamesy","Single","Unknown / Needs Review","unknown / needs review","Low","No strong title match","album-names.txt","True","unknown_genre; unknown_mood; low_confidence"
"WAR","Jamesy","Single","Unknown / Needs Review","unknown / needs review","Low","No strong title match","album-names.txt","True","unknown_genre; unknown_mood; low_confidence"
"Don’t disturb me","Jamesy","Single","Unknown / Needs Review","unknown / needs review","Low","No strong title match","album-names.txt","True","unknown_genre; unknown_mood; low_confidence"
"DMF ANTHEM / VIBES","DJ Bishow","Single","Unknown / Needs Review","unknown / needs review","Low","No strong title match","album-names.txt","True","unknown_genre; unknown_mood; low_confidence"
"Bekaboo","DJ Bishow","Single","Unknown / Needs Review","unknown / needs review","Low","No strong title match","album-names.txt","True","unknown_genre; unknown_mood; low_confidence"
"Dj Do Baile Te Sarra Piroca","Dj Thales Jql","Single","Unknown / Needs Review","unknown / needs review","Low","No strong title match","album-names.txt","True","unknown_genre; unknown_mood; low_confidence"
"Timi Ra Ma","Oasis Thapa","Single","Nepali Indie / Pop","emotional, romantic, introspective","Low","Heuristic: Nepali-title keywords","album-names.txt","True","low_confidence"
"Sataha","Sabin Rai","Single","Unknown / Needs Review","unknown / needs review","Low","No strong title match","album-names.txt","True","unknown_genre; unknown_mood; low_confidence"
"Nothing In My Head Besides Timi","Sajjan Raj Vaidya","Single","Nepali Indie / Pop","emotional, romantic, introspective","Low","Heuristic: Nepali-title keywords","album-names.txt","True","low_confidence"
"THARI THARI","Jamesy","Single","Unknown / Needs Review","unknown / needs review","Low","No strong title match","album-names.txt","True","unknown_genre; unknown_mood; low_confidence"
"La Carta","Were, Dj Khala","Single","Unknown / Needs Review","unknown / needs review","Low","No strong title match","album-names.txt","True","unknown_genre; unknown_mood; low_confidence"
"Mtg Toneladas de Amor","Dj Thales Jql","Single","Unknown / Needs Review","unknown / needs review","Low","No strong title match","album-names.txt","True","unknown_genre; unknown_mood; low_confidence"
"Ritmo do Jql","Dj Thales Jql","Single","Unknown / Needs Review","unknown / needs review","Low","No strong title match","album-names.txt","True","unknown_genre; unknown_mood; low_confidence"
"Khel Chakraai","Oasis Thapa","Single","Unknown / Needs Review","unknown / needs review","Low","No strong title match","album-names.txt","True","unknown_genre; unknown_mood; low_confidence"
"Tendencia","Were, Dj Khala","Single","Unknown / Needs Review","unknown / needs review","Low","No strong title match","album-names.txt","True","unknown_genre; unknown_mood; low_confidence"
"Jau Ki Basu","Sabin Rai","Single","Unknown / Needs Review","unknown / needs review","Low","No strong title match","album-names.txt","True","unknown_genre; unknown_mood; low_confidence"
"Asha Nirasha","Albatross","Single","Unknown / Needs Review","unknown / needs review","Low","No strong title match","album-names.txt","True","unknown_genre; unknown_mood; low_confidence"
"Me Superé","Were, Dj Khala","Single","Unknown / Needs Review","unknown / needs review","Low","No strong title match","album-names.txt","True","unknown_genre; unknown_mood; low_confidence"
"Saman Nikal","DJ Bishow","Single","Unknown / Needs Review","unknown / needs review","Low","No strong title match","album-names.txt","True","unknown_genre; unknown_mood; low_confidence"
"Mayele (Refix)","La Reine Yose, Dj khalipha","Single","Unknown / Needs Review","unknown / needs review","Low","No strong title match","album-names.txt","True","unknown_genre; unknown_mood; low_confidence"
"Quem te pego","Dj Thales Jql","Single","Unknown / Needs Review","unknown / needs review","Low","No strong title match","album-names.txt","True","unknown_genre; unknown_mood; low_confidence"
"Ma Sansaar Jitne","Sabin Rai","Single","Unknown / Needs Review","unknown / needs review","Low","No strong title match","album-names.txt","True","unknown_genre; unknown_mood; low_confidence"
"Lilac Fashion (Remix) [slowed + reverb]","LIL Rock Look, Jay Author, Sushant KC","Single","Contemporary / Mixed","varied, release-dependent","Low","Fallback from version/feature keywords","album-names.txt","True","low_confidence"
"Timi Bhayera","Akash Khadka, Samir Shrestha","Single","Nepali Indie / Pop","emotional, romantic, introspective","Low","Heuristic: Nepali-title keywords","album-names.txt","True","low_confidence"
"Kuri Basechu","Sabal Dev Shrestha, Samir Shrestha","Single","Unknown / Needs Review","unknown / needs review","Low","No strong title match","album-names.txt","True","unknown_genre; unknown_mood; low_confidence"
"Purva Jaaney Panchi","Sajjan Raj Vaidya","Single","Unknown / Needs Review","unknown / needs review","Low","No strong title match","album-names.txt","True","unknown_genre; unknown_mood; low_confidence"
"Ibtidaa","Albatross","Single","Unknown / Needs Review","unknown / needs review","Low","No strong title match","album-names.txt","True","unknown_genre; unknown_mood; low_confidence"
"Nepali","Albatross","Single","Unknown / Needs Review","unknown / needs review","Low","No strong title match","album-names.txt","True","unknown_genre; unknown_mood; low_confidence"
"Hellskitchen 2.0","Albatross","Single","Unknown / Needs Review","unknown / needs review","Low","No strong title match","album-names.txt","True","unknown_genre; unknown_mood; low_confidence"
"Good Bye (Good Bay)","Were, Dj Khala","Single","Unknown / Needs Review","unknown / needs review","Low","No strong title match","album-names.txt","True","unknown_genre; unknown_mood; low_confidence"
"Calmate","Were, Mauro y El Pitu, Dj Khala","Single","Unknown / Needs Review","unknown / needs review","Low","No strong title match","album-names.txt","True","unknown_genre; unknown_mood; low_confidence"
"Better Me","DJ Bishow","Single","Unknown / Needs Review","unknown / needs review","Low","No strong title match","album-names.txt","True","unknown_genre; unknown_mood; low_confidence"
"Tick Tick","DJ Bishow","Single","Unknown / Needs Review","unknown / needs review","Low","No strong title match","album-names.txt","True","unknown_genre; unknown_mood; low_confidence"
"Way Around","DJ Bishow","Single","Unknown / Needs Review","unknown / needs review","Low","No strong title match","album-names.txt","True","unknown_genre; unknown_mood; low_confidence"
"Mara Till Eternity","Dj khalipha","Single","Unknown / Needs Review","unknown / needs review","Low","No strong title match","album-names.txt","True","unknown_genre; unknown_mood; low_confidence"
"Ela toma na frente, ela toma atras","Dj Thales Jql","Single","Unknown / Needs Review","unknown / needs review","Low","No strong title match","album-names.txt","True","unknown_genre; unknown_mood; low_confidence"
"Tipo um Bufallo","Dj Thales Jql","Single","Unknown / Needs Review","unknown / needs review","Low","No strong title match","album-names.txt","True","unknown_genre; unknown_mood; low_confidence"
"Ta Cansado de Ouvir Isso","Dj Thales Jql","Single","Unknown / Needs Review","unknown / needs review","Low","No strong title match","album-names.txt","True","unknown_genre; unknown_mood; low_confidence"
"Montagem Maligna","Dj Thales Jql","Single","Unknown / Needs Review","unknown / needs review","Low","No strong title match","album-names.txt","True","unknown_genre; unknown_mood; low_confidence"
"Flautinha do mal","Dj Thales Jql","Single","Unknown / Needs Review","unknown / needs review","Low","No strong title match","album-names.txt","True","unknown_genre; unknown_mood; low_confidence"
"Ai meu caraio torto","Dj Thales Jql","Single","Unknown / Needs Review","unknown / needs review","Low","No strong title match","album-names.txt","True","unknown_genre; unknown_mood; low_confidence"
"So Many Tears","","Single","Unknown / Needs Review","unknown / needs review","Low","No strong title match","album-names.txt","True","unknown_genre; unknown_mood; low_confidence"
"Look over There","","Single","Unknown / Needs Review","unknown / needs review","Low","No strong title match","album-names.txt","True","unknown_genre; unknown_mood; low_confidence"
"Down on My Knees","","Single","Unknown / Needs Review","unknown / needs review","Low","No strong title match","album-names.txt","True","unknown_genre; unknown_mood; low_confidence"
"Almost Unreal","","Single","Unknown / Needs Review","unknown / needs review","Low","No strong title match","album-names.txt","True","unknown_genre; unknown_mood; low_confidence"
"Lilac Fashion (Remix)","LIL Rock Look, Jay Author, Sushant KC","Single","Contemporary / Mixed","varied, release-dependent","Low","Fallback from version/feature keywords","album-names.txt","True","low_confidence"
"Bujhideu","Samir Shrestha","Single","Unknown / Needs Review","unknown / needs review","Low","No strong title match","album-names.txt","True","unknown_genre; unknown_mood; low_confidence"
"Veja","Jamesy","Single","Unknown / Needs Review","unknown / needs review","Low","No strong title match","album-names.txt","True","unknown_genre; unknown_mood; low_confidence"
"Panther Black","Jesus Of Swaggerath","Single","Unknown / Needs Review","unknown / needs review","Low","No strong title match","album-names.txt","True","unknown_genre; unknown_mood; low_confidence"
"Suchana Suchana Suchana","Albatross","Single","Unknown / Needs Review","unknown / needs review","Low","No strong title match","album-names.txt","True","unknown_genre; unknown_mood; low_confidence"
"Raat ko Rani","Albatross","Single","Unknown / Needs Review","unknown / needs review","Low","No strong title match","album-names.txt","True","unknown_genre; unknown_mood; low_confidence"
"Kaha Janchau","Albatross","Single","Unknown / Needs Review","unknown / needs review","Low","No strong title match","album-names.txt","True","unknown_genre; unknown_mood; low_confidence"
"Move Your Body","Albatross","Single","Unknown / Needs Review","unknown / needs review","Low","No strong title match","album-names.txt","True","unknown_genre; unknown_mood; low_confidence"
"Mi Palo Al Palo","Were, Dj Khala","Single","Unknown / Needs Review","unknown / needs review","Low","No strong title match","album-names.txt","True","unknown_genre; unknown_mood; low_confidence"
"City Breathing","DJ Bishow","Single","Unknown / Needs Review","unknown / needs review","Low","No strong title match","album-names.txt","True","unknown_genre; unknown_mood; low_confidence"
"CHANGES","DJ Bishow","Single","Unknown / Needs Review","unknown / needs review","Low","No strong title match","album-names.txt","True","unknown_genre; unknown_mood; low_confidence"
"K HO?","DJ Bishow","Single","Unknown / Needs Review","unknown / needs review","Low","No strong title match","album-names.txt","True","unknown_genre; unknown_mood; low_confidence"
"Confession","DJ Bishow","Single","Unknown / Needs Review","unknown / needs review","Low","No strong title match","album-names.txt","True","unknown_genre; unknown_mood; low_confidence"
"Ashawo Mara (Edit)","Rhythim, Dj khalipha","Single","Unknown / Needs Review","unknown / needs review","Low","No strong title match","album-names.txt","True","unknown_genre; unknown_mood; low_confidence"
"Streetline","Dj khalipha","Single","Unknown / Needs Review","unknown / needs review","Low","No strong title match","album-names.txt","True","unknown_genre; unknown_mood; low_confidence"
"Mayele Dance","La Reine Yose, Dj khalipha","Single","Unknown / Needs Review","unknown / needs review","Low","No strong title match","album-names.txt","True","unknown_genre; unknown_mood; low_confidence"
"Para pass para","Dj khalipha","Single","Unknown / Needs Review","unknown / needs review","Low","No strong title match","album-names.txt","True","unknown_genre; unknown_mood; low_confidence"
"Limitless","Dj khalipha","Single","Unknown / Needs Review","unknown / needs review","Low","No strong title match","album-names.txt","True","unknown_genre; unknown_mood; low_confidence"
"Kote (Sped Up)","Moren, Dj khalipha","Single","Unknown / Needs Review","unknown / needs review","Low","No strong title match","album-names.txt","True","unknown_genre; unknown_mood; low_confidence"
"Pray speed up (DJ khalipha Remix)","RICHIIELOLO, Dj khalipha","Single","Contemporary / Mixed","varied, release-dependent","Low","Fallback from version/feature keywords","album-names.txt","True","low_confidence"
"mara lati india","Dj khalipha","Single","Unknown / Needs Review","unknown / needs review","Low","No strong title match","album-names.txt","True","unknown_genre; unknown_mood; low_confidence"
"Rave Sound","Dj khalipha","Single","Unknown / Needs Review","unknown / needs review","Low","No strong title match","album-names.txt","True","unknown_genre; unknown_mood; low_confidence"
"Então Chupa","Dj Thales Jql","Single","Unknown / Needs Review","unknown / needs review","Low","No strong title match","album-names.txt","True","unknown_genre; unknown_mood; low_confidence"
"Kica na ponta da Pi","Dj Thales Jql","Single","Unknown / Needs Review","unknown / needs review","Low","No strong title match","album-names.txt","True","unknown_genre; unknown_mood; low_confidence"
"Vem Ca Me Da","Dj Thales Jql","Single","Unknown / Needs Review","unknown / needs review","Low","No strong title match","album-names.txt","True","unknown_genre; unknown_mood; low_confidence"
"Que se foda porra","Dj Thales Jql","Single","Unknown / Needs Review","unknown / needs review","Low","No strong title match","album-names.txt","True","unknown_genre; unknown_mood; low_confidence"
"To Cansado de Ouvir Isso 2 (Special Version)","Dj Thales Jql","Single","Contemporary / Mixed","varied, release-dependent","Low","Fallback from version/feature keywords","album-names.txt","True","low_confidence"
"Um Minuto de Sacanagem","Dj Thales Jql","Single","Unknown / Needs Review","unknown / needs review","Low","No strong title match","album-names.txt","True","unknown_genre; unknown_mood; low_confidence"
"Menina","Dj Thales Jql","Single","Unknown / Needs Review","unknown / needs review","Low","No strong title match","album-names.txt","True","unknown_genre; unknown_mood; low_confidence"
"Knockout","Dj Thales Jql","Single","Unknown / Needs Review","unknown / needs review","Low","No strong title match","album-names.txt","True","unknown_genre; unknown_mood; low_confidence"
"Boomerang com as Amigas","Dj Thales Jql","Single","Unknown / Needs Review","unknown / needs review","Low","No strong title match","album-names.txt","True","unknown_genre; unknown_mood; low_confidence"
"Mc Duffs - Coração Bandido","Dj Thales Jql","Single","Unknown / Needs Review","unknown / needs review","Low","No strong title match","album-names.txt","True","unknown_genre; unknown_mood; low_confidence"
"Move Your Body","Albatross","Single","Unknown / Needs Review","unknown / needs review","Low","No strong title match","album-names.txt","True","unknown_genre; unknown_mood; low_confidence"
"Khushi","Oasis Thapa","Single","Unknown / Needs Review","unknown / needs review","Low","No strong title match","album-names.txt","True","unknown_genre; unknown_mood; low_confidence"
